{"cameraMode":{"drawMode":0,"name":"Shaded","section":"Shading Mode"},"sceneLighting":true,"audioPlay":false,"sceneViewState":{"showFog":true,"showMaterialUpdate":false,"showSkybox":true,"showFlares":true,"showImageEffects":true,"showParticleSystems":true},"in2DMode":false,"pivot":{"x":363.87646484375,"y":90.8359375,"z":-29.65625},"rotation":{"x":-0.028495388105511667,"y":0.006857330445200205,"z":-0.00019484286895021796,"w":-0.9995800256729126},"size":172.48629760742188,"orthographic":true}